team,team_password,members
CyberSquad,cyber1234,alice_smith|alice_pass123|alice.smith@example.com|bob_jones|bob_pass456|bob.jones@example.com
TechTitans,tech4567,charlie_brown|charlie_pass789|charlie.brown@example.com|diana_williams|diana_pass012|diana.williams@example.com
DevMasters,dev7890,emma_johnson|emma_pass345|emma.johnson@example.com|frank_martin|frank_pass678|frank.martin@example.com
Innovators,innovate1,grace_lee|grace_pass901|grace.lee@example.com|hank_clark|hank_pass234|hank.clark@example.com
